Tabla,FilasBD,ReferenciasCodigo,Lecturas,Escrituras,Operacion,Modulos,Archivos,ClasificacionInicial
ALCANCEANUNCIO,0,0,0,0,R,,,LEGACY_NO_USADA
ALERTA,120,12,8,4,RW,ALERTA|TABLERO,app/Modulos/Alerta/Services/AlertaService.php|app/Modulos/Tablero/Services/TableroService.php,CANDIDATA_UNIFICAR
ANUNCIO,0,10,3,7,RW,ANUNCIO,app/Modulos/Anuncio/Services/AnuncioService.php,CANDIDATA_UNIFICAR
ANUNCIOMAQUINA,0,11,4,7,RW,ANUNCIO,app/Modulos/Anuncio/Services/AnuncioService.php,CANDIDATA_UNIFICAR
ANUNCIOPRODUCTO,0,11,4,7,RW,ANUNCIO,app/Modulos/Anuncio/Services/AnuncioService.php,CANDIDATA_UNIFICAR
APROBACION,0,6,3,3,RW,APROBACION|SOPORTE,app/Modulos/Aprobacion/Services/AprobacionService.php|app/Soporte/ValidacionAprobacionService.php,ACTIVA
ASIGNACIONMAQUINA,0,0,0,0,R,,,LEGACY_NO_USADA
BITACORA,10,2,1,1,RW,SOPORTE,app/Soporte/AuditoriaService.php,ACTIVA
CACHE,0,0,0,0,R,,,LEGACY_NO_USADA
CACHE_LOCKS,0,0,0,0,R,,,LEGACY_NO_USADA
CELDA,234,27,14,13,RW,CELDA|CONSOLE|DEPOSITO|MAQUINA|MAQUINACELDAS|REPOSICION|RESERVA|STOCK|TABLERO|VENTA,app/Console/Commands/CargarProductosCeldasCommand.php|app/Modulos/Celda/Services/CeldaService.php|app/Modulos/Deposito/Services/DepositoService.php|app/Modulos/Maquina/Services/MaquinaService.php|app/Modulos/MaquinaCeldas/Services/MaquinaCeldasService.php|app/Modulos/Reposicion/Services/ReposicionService.php|app/Modulos/Reserva/Services/ReservaService.php|app/Modulos/Stock/Services/StockService.php|app/Modulos/Tablero/Services/TableroService.php|app/Modulos/Venta/Services/VentaService.php,CRITICA
CELDACONFLICTO,0,2,1,1,RW,MAQUINACELDAS,app/Modulos/MaquinaCeldas/Services/MaquinaCeldasService.php,ACTIVA
CELDAOCUPACION,0,3,0,3,W,MAQUINACELDAS,app/Modulos/MaquinaCeldas/Services/MaquinaCeldasService.php,ACTIVA
CELDAOCUPACIONDETALLE,0,5,3,2,RW,MAQUINACELDAS,app/Modulos/MaquinaCeldas/Services/MaquinaCeldasService.php,ACTIVA
COMANDODISPOSITIVO,0,0,0,0,R,,,LEGACY_NO_USADA
DEPOSITO,1,2,2,0,R,DEPOSITO,app/Modulos/Deposito/Services/DepositoService.php,ACTIVA
DISPOSITIVO,0,0,0,0,R,,,LEGACY_NO_USADA
EMPRESA,3,11,6,5,RW,CONSOLE|EMPRESA,app/Console/Commands/CargarProductosCeldasCommand.php|app/Modulos/Empresa/Services/EmpresaService.php,ACTIVA
ESTADO,48,2,2,0,R,APP|ESTADO,app/Modulos/Estado/Services/EstadoService.php|app/Support/EstadoCatalogo.php,ACTIVA
EVENTOMAQUINA,0,0,0,0,R,,,LEGACY_NO_USADA
EXISTENCIACELDA,225,29,9,20,RW,ALERTA|ANALITICA|CELDA|CONSOLE|DEPOSITO|EXISTENCIACELDA|MERMA|REPOSICION|RESERVA|TABLERO|VENTA,app/Console/Commands/CargarProductosCeldasCommand.php|app/Modulos/Alerta/Services/AlertaService.php|app/Modulos/Analitica/Services/AnaliticaService.php|app/Modulos/Celda/Services/CeldaService.php|app/Modulos/Deposito/Services/DepositoService.php|app/Modulos/ExistenciaCelda/Services/ExistenciaCeldaService.php|app/Modulos/Merma/Services/MermaService.php|app/Modulos/Reposicion/Services/ReposicionService.php|app/Modulos/Reserva/Services/ReservaService.php|app/Modulos/Tablero/Services/TableroService.php|app/Modulos/Venta/Services/VentaService.php,CRITICA
FAILED_JOBS,0,0,0,0,R,,,LEGACY_NO_USADA
IDEMPOTENCIA,60,5,0,5,W,APP|CONSOLE,app/Console/Commands/LimpiarIdempotenciaCommand.php|app/Support/IdempotenciaService.php,CRITICA
IOTEVENTO,0,8,3,5,RW,INTEGRACIONIOT,app/Modulos/IntegracionIot/Services/IntegracionIotService.php,ACTIVA
IOTEVENTOINTENTO,0,4,1,3,RW,INTEGRACIONIOT,app/Modulos/IntegracionIot/Services/IntegracionIotService.php,ACTIVA
JOB_BATCHES,0,0,0,0,R,,,LEGACY_NO_USADA
JOBS,0,0,0,0,R,,,LEGACY_NO_USADA
LOTE,96,15,7,8,RW,CONSOLE|LOTE|MAQUINACELDAS|REPOSICION,app/Console/Commands/CargarProductosCeldasCommand.php|app/Modulos/Lote/Services/LoteService.php|app/Modulos/MaquinaCeldas/Services/MaquinaCeldasService.php|app/Modulos/Reposicion/Services/ReposicionService.php,CRITICA
MAQUINA,4,24,14,10,RW,AUTENTICACION|CONSOLE|DEPOSITO|MAQUINA|MAQUINACELDAS|MAQUINAOPERATIVO|REPOSICION|RESERVA|TABLERO|VENTA,app/Console/Commands/CargarProductosCeldasCommand.php|app/Modulos/Autenticacion/Services/PermisoService.php|app/Modulos/Deposito/Services/DepositoService.php|app/Modulos/Maquina/Services/MaquinaService.php|app/Modulos/MaquinaCeldas/Services/MaquinaCeldasService.php|app/Modulos/MaquinaOperativo/Services/MaquinaOperativoService.php|app/Modulos/Reposicion/Services/ReposicionService.php|app/Modulos/Reserva/Services/ReservaService.php|app/Modulos/Tablero/Services/TableroService.php|app/Modulos/Venta/Services/VentaService.php,CRITICA
MAQUINADISPOSITIVO,0,0,0,0,R,,,LEGACY_NO_USADA
MAQUINAESTADOOPERATIVO,4,6,1,5,RW,MAQUINAOPERATIVO,app/Modulos/MaquinaOperativo/Services/MaquinaOperativoService.php,CANDIDATA_UNIFICAR
MAQUINAESTADOOPERATIVOHISTORIAL,0,3,1,2,RW,MAQUINAOPERATIVO,app/Modulos/MaquinaOperativo/Services/MaquinaOperativoService.php,CANDIDATA_UNIFICAR
MAQUINAIMAGEN,9,12,6,6,RW,MAQUINA,app/Modulos/Maquina/Services/MaquinaService.php,ACTIVA
MERMA,0,15,6,9,RW,ANALITICA|MERMA|TABLERO,app/Modulos/Analitica/Services/AnaliticaService.php|app/Modulos/Merma/Services/MermaService.php|app/Modulos/Tablero/Services/TableroService.php,ACTIVA
MERMADETALLE,0,8,4,4,RW,MERMA,app/Modulos/Merma/Services/MermaService.php,ACTIVA
MERMAEVIDENCIA,0,3,2,1,RW,MERMA,app/Modulos/Merma/Services/MermaService.php,ACTIVA
METODOPAGO,0,0,0,0,R,,,LEGACY_NO_USADA
MIGRATIONS,20,0,0,0,R,,,SIN_REFERENCIA
MOVIMIENTODEPOSITO,0,3,1,2,RW,DEPOSITO,app/Modulos/Deposito/Services/DepositoService.php,ACTIVA
MOVIMIENTOINVENTARIO,0,9,6,3,RW,DEPOSITO|MERMA|REPOSICION|STOCK|TABLERO,app/Modulos/Deposito/Services/DepositoService.php|app/Modulos/Merma/Services/MermaService.php|app/Modulos/Reposicion/Services/ReposicionService.php|app/Modulos/Stock/Services/MovimientoInventarioService.php|app/Modulos/Tablero/Services/TableroService.php,CRITICA
PAGO,0,0,0,0,R,,,LEGACY_NO_USADA
PASSWORD_RESET_TOKENS,0,0,0,0,R,,,LEGACY_NO_USADA
PERMISO,1,0,0,0,R,,,SIN_REFERENCIA
PLANCONVENIO,0,0,0,0,R,,,LEGACY_NO_USADA
PLANOGRAMA,4,8,7,1,RW,CONSOLE|RESERVA|TABLERO|VENTA,app/Console/Commands/CargarProductosCeldasCommand.php|app/Modulos/Reserva/Services/ReservaService.php|app/Modulos/Tablero/Services/TableroService.php|app/Modulos/Venta/Services/VentaService.php,CRITICA
PLANOGRAMACELDA,225,14,7,7,RW,CONSOLE|PLANOGRAMACELDA|RESERVA|VENTA,app/Console/Commands/CargarProductosCeldasCommand.php|app/Modulos/PlanogramaCelda/Services/PlanogramaCeldaService.php|app/Modulos/Reserva/Services/ReservaService.php|app/Modulos/Venta/Services/VentaService.php,CRITICA
PLANTILLAVISUAL,0,0,0,0,R,,,LEGACY_NO_USADA
PRODUCTO,66,21,10,11,RW,CATALOGOAVANZADO|CONSOLE|DEPOSITO|MAQUINACELDAS|PRODUCTO|PRODUCTODISENO,app/Console/Commands/CargarProductosCeldasCommand.php|app/Modulos/CatalogoAvanzado/Services/CatalogoAvanzadoService.php|app/Modulos/Deposito/Services/DepositoService.php|app/Modulos/MaquinaCeldas/Services/MaquinaCeldasService.php|app/Modulos/Producto/Services/ProductoService.php|app/Modulos/ProductoDiseno/Services/ProductoDisenoService.php,CRITICA
PRODUCTODISENO,0,7,3,4,RW,PRODUCTODISENO,app/Modulos/ProductoDiseno/Services/ProductoDisenoService.php,CANDIDATA_UNIFICAR
PRODUCTODISENOCAPA,0,3,1,2,RW,PRODUCTODISENO,app/Modulos/ProductoDiseno/Services/ProductoDisenoService.php,CANDIDATA_UNIFICAR
PRODUCTOEMPRESA,66,5,1,4,RW,CONSOLE|DEPOSITO,app/Console/Commands/CargarProductosCeldasCommand.php|app/Modulos/Deposito/Services/DepositoService.php,CRITICA
PRODUCTOFAMILIA,0,3,2,1,RW,CATALOGOAVANZADO,app/Modulos/CatalogoAvanzado/Services/CatalogoAvanzadoService.php,CANDIDATA_UNIFICAR
PRODUCTOGRUPO,0,3,2,1,RW,CATALOGOAVANZADO,app/Modulos/CatalogoAvanzado/Services/CatalogoAvanzadoService.php,CANDIDATA_UNIFICAR
PRODUCTOIMAGEN,132,9,4,5,RW,CATALOGOAVANZADO|PRODUCTODISENO,app/Modulos/CatalogoAvanzado/Services/CatalogoAvanzadoService.php|app/Modulos/ProductoDiseno/Services/ProductoDisenoService.php,CANDIDATA_UNIFICAR
PRODUCTOSUBGRUPO,0,3,2,1,RW,CATALOGOAVANZADO,app/Modulos/CatalogoAvanzado/Services/CatalogoAvanzadoService.php,CANDIDATA_UNIFICAR
REGLAALERTA,0,8,3,5,RW,ALERTA,app/Modulos/Alerta/Services/AlertaService.php,CANDIDATA_UNIFICAR
REPORTEARCHIVO,0,4,2,2,RW,REPORTE,app/Modulos/Reporte/Services/ReporteService.php,ACTIVA
REPORTEGENERADO,0,9,4,5,RW,APP|REPORTE,app/Jobs/ProcesarReporteGeneradoJob.php|app/Modulos/Reporte/Services/ReporteService.php,ACTIVA
REPOSICION,180,5,4,1,RW,REPOSICION|TABLERO,app/Modulos/Reposicion/Services/ReposicionService.php|app/Modulos/Tablero/Services/TableroService.php,CRITICA
REPOSICIONDETALLE,180,3,2,1,RW,REPOSICION|TABLERO,app/Modulos/Reposicion/Services/ReposicionService.php|app/Modulos/Tablero/Services/TableroService.php,CRITICA
RESERVA,40,10,2,8,RW,RESERVA|TABLERO,app/Modulos/Reserva/Services/ReservaService.php|app/Modulos/Tablero/Services/TableroService.php,CRITICA
RESERVADETALLE,40,2,0,2,W,RESERVA,app/Modulos/Reserva/Services/ReservaService.php,CRITICA
ROL,3,1,0,1,W,USUARIO,app/Modulos/Usuario/Services/UsuarioService.php,ACTIVA
ROLPERMISO,1,0,0,0,R,,,SIN_REFERENCIA
SESIONAPI,159,6,1,5,RW,AUTENTICACION|PROVIDERS,app/Modulos/Autenticacion/Services/AutenticacionService.php|app/Providers/AppServiceProvider.php,CRITICA
SESSIONS,0,0,0,0,R,,,LEGACY_NO_USADA
STOCKDEPOSITO,0,7,4,3,RW,DEPOSITO,app/Modulos/Deposito/Services/DepositoService.php,ACTIVA
TELEMETRIA,0,1,1,0,R,ALERTA,app/Modulos/Alerta/Services/AlertaService.php,ACTIVA
TIPOALERTA,2,0,0,0,R,,,CANDIDATA_UNIFICAR
TIPOALIMENTACIONELECTRICA,0,0,0,0,R,,,LEGACY_NO_USADA
TIPOCANALVENTA,0,0,0,0,R,,,LEGACY_NO_USADA
TIPOCOMANDODISPOSITIVO,0,0,0,0,R,,,LEGACY_NO_USADA
TIPOEMPRESA,2,1,1,0,R,TIPOEMPRESA,app/Modulos/TipoEmpresa/Services/TipoEmpresaService.php,CANDIDATA_UNIFICAR
TIPOEVENTOMAQUINA,0,0,0,0,R,,,LEGACY_NO_USADA
TIPOIMAGEN,6,3,2,1,RW,CATALOGOAVANZADO|PRODUCTODISENO,app/Modulos/CatalogoAvanzado/Services/CatalogoAvanzadoService.php|app/Modulos/ProductoDiseno/Services/ProductoDisenoService.php,CANDIDATA_UNIFICAR
TIPOINTERNET,5,2,2,0,R,MAQUINA|TIPOINTERNET,app/Modulos/Maquina/Services/MaquinaService.php|app/Modulos/TipoInternet/Services/TipoInternetService.php,CANDIDATA_UNIFICAR
TIPOLUGARINSTALACION,5,1,1,0,R,TIPOLUGARINSTALACION,app/Modulos/TipoLugarInstalacion/Services/TipoLugarInstalacionService.php,CANDIDATA_UNIFICAR
TIPOMERMA,0,0,0,0,R,,,LEGACY_NO_USADA
TIPOMOVIMIENTOINVENTARIO,4,5,4,1,RW,DEPOSITO|MERMA|REPOSICION,app/Modulos/Deposito/Services/DepositoService.php|app/Modulos/Merma/Services/MermaService.php|app/Modulos/Reposicion/Services/ReposicionService.php,CANDIDATA_UNIFICAR
TIPOTELEMETRIA,0,0,0,0,R,,,LEGACY_NO_USADA
TRANSACCION,0,0,0,0,R,,,LEGACY_NO_USADA
TRANSACCIONDETALLE,0,0,0,0,R,,,LEGACY_NO_USADA
UBICACION,4,1,0,1,W,MAQUINAOPERATIVO,app/Modulos/MaquinaOperativo/Services/MaquinaOperativoService.php,ACTIVA
UNIDADMEDIDA,0,0,0,0,R,,,LEGACY_NO_USADA
USERS,0,0,0,0,R,,,LEGACY_NO_USADA
USUARIO,3,17,12,5,RW,APP|AUTENTICACION|DEPOSITO|REPOSICION|SOPORTE|TABLERO|USUARIO,app/Models/Usuario.php|app/Modulos/Autenticacion/Services/AutenticacionService.php|app/Modulos/Autenticacion/Services/PermisoService.php|app/Modulos/Deposito/Services/DepositoService.php|app/Modulos/Reposicion/Services/ReposicionService.php|app/Modulos/Tablero/Services/TableroService.php|app/Modulos/Usuario/Services/UsuarioService.php|app/Soporte/AutorizacionNegocioService.php,CRITICA
USUARIOMAQUINA,7,14,8,6,RW,AUTENTICACION|TABLERO|USUARIO,app/Modulos/Autenticacion/Services/PermisoService.php|app/Modulos/Tablero/Services/TableroService.php|app/Modulos/Usuario/Services/UsuarioService.php,CRITICA
USUARIOROL,2,8,3,5,RW,AUTENTICACION|USUARIO,app/Modulos/Autenticacion/Services/PermisoService.php|app/Modulos/Usuario/Services/UsuarioService.php,CRITICA
VENTA,977,23,19,4,RW,ANALITICA|RESERVA|TABLERO|VENTA,app/Modulos/Analitica/Services/AnaliticaService.php|app/Modulos/Reserva/Services/ReservaService.php|app/Modulos/Tablero/Services/TableroService.php|app/Modulos/Venta/Services/VentaService.php,CRITICA
VENTAREVERSA,4,1,0,1,W,VENTA,app/Modulos/Venta/Services/VentaService.php,CRITICA
